ba,nercr,transreg,transgrp,cendiv,st,interconnect,st_interconnect,country,usda_region,h2ptcreg,hurdlereg,aggreg,transmiso
p1,WECC_NW,NorthernGrid,NorthernGrid_West,Pacific,WA,western,WA,USA,pacific,Northwest,Bonneville_Power_Administration,WA,NorthernGrid
p2,WECC_NW,NorthernGrid,NorthernGrid_West,Pacific,WA,western,WA,USA,pacific,Northwest,Bonneville_Power_Administration,WA,NorthernGrid
p3,WECC_NW,NorthernGrid,NorthernGrid_West,Pacific,WA,western,WA,USA,pacific,Northwest,Bonneville_Power_Administration,WA,NorthernGrid
p4,WECC_NW,NorthernGrid,NorthernGrid_West,Pacific,WA,western,WA,USA,pacific,Northwest,Bonneville_Power_Administration,WA,NorthernGrid
p5,WECC_NW,NorthernGrid,NorthernGrid_West,Pacific,OR,western,OR,USA,pacific,Northwest,Bonneville_Power_Administration,OR,NorthernGrid
p6,WECC_NW,NorthernGrid,NorthernGrid_West,Pacific,OR,western,OR,USA,pacific,Northwest,Bonneville_Power_Administration,OR,NorthernGrid
p7,WECC_NW,NorthernGrid,NorthernGrid_West,Pacific,OR,western,OR,USA,pacific,Northwest,Bonneville_Power_Administration,OR,NorthernGrid
p8,WECC_NW,NorthernGrid,NorthernGrid_South,Pacific,CA,western,CA,USA,pacific,California,PacifiCorp_West,CA_NorthernGrid,NorthernGrid
p9,WECC_CA,CAISO,CAISO,Pacific,CA,western,CA,USA,pacific,California,CAISO,CA_N_CAISO,CAISO
p10,WECC_CA,CAISO,CAISO,Pacific,CA,western,CA,USA,pacific,California,CAISO,CA_S_CAISO,CAISO
p11,WECC_CA,CAISO,CAISO,Pacific,CA,western,CA,USA,pacific,California,CAISO,CA_S_CAISO,CAISO
p12,WECC_NW,NorthernGrid,NorthernGrid_South,Mountain,NV,western,NV,USA,mountain,Mountain,Nevada_Power_Co,NV,NorthernGrid
p13,WECC_NW,NorthernGrid,NorthernGrid_South,Mountain,NV,western,NV,USA,mountain,Mountain,Nevada_Power_Co,NV,NorthernGrid
p14,WECC_NW,NorthernGrid,NorthernGrid_East,Mountain,ID,western,ID,USA,mountain,Northwest,Idaho_Power_Co,ID,NorthernGrid
p15,WECC_NW,NorthernGrid,NorthernGrid_East,Mountain,ID,western,ID,USA,mountain,Northwest,Idaho_Power_Co,ID,NorthernGrid
p16,WECC_NW,NorthernGrid,NorthernGrid_East,Mountain,ID,western,ID,USA,mountain,Northwest,Idaho_Power_Co,ID,NorthernGrid
p17,WECC_NW,NorthernGrid,NorthernGrid_East,Mountain,MT,western,MT_western,USA,mountain,Mountain,Northwestern_Energy,MT_NorthernGrid,NorthernGrid
p18,WECC_NW,NorthernGrid,NorthernGrid_East,Mountain,MT,western,MT_western,USA,mountain,Mountain,Northwestern_Energy,MT_NorthernGrid,NorthernGrid
p19,WECC_NW,NorthernGrid,NorthernGrid_East,Mountain,MT,western,MT_western,USA,mountain,Mountain,Northwestern_Energy,MT_NorthernGrid,NorthernGrid
p20,WECC_NW,NorthernGrid,NorthernGrid_East,Mountain,MT,western,MT_western,USA,mountain,Mountain,Northwestern_Energy,MT_NorthernGrid,NorthernGrid
p21,WECC_NW,NorthernGrid,NorthernGrid_East,Mountain,WY,western,WY,USA,mountain,Mountain,PacifiCorp_East,WY_NorthernGrid,NorthernGrid
p22,WECC_NW,NorthernGrid,NorthernGrid_East,Mountain,WY,western,WY,USA,mountain,Mountain,PacifiCorp_East,WY_NorthernGrid,NorthernGrid
p23,WECC_NW,WestConnect,WestConnect_North,Mountain,WY,western,WY,USA,mountain,Mountain,WAPA_Rocky_Mountain_Region,WY_WestConnect,WestConnect
p24,WECC_NW,WestConnect,WestConnect_North,Mountain,WY,western,WY,USA,mountain,Mountain,WAPA_Rocky_Mountain_Region,WY_WestConnect,WestConnect
p25,WECC_NW,NorthernGrid,NorthernGrid_South,Mountain,UT,western,UT,USA,mountain,Mountain,PacifiCorp_East,UT,NorthernGrid
p26,WECC_NW,NorthernGrid,NorthernGrid_South,Mountain,UT,western,UT,USA,mountain,Mountain,PacifiCorp_East,UT,NorthernGrid
p27,WECC_SW,WestConnect,WestConnect_South,Mountain,AZ,western,AZ,USA,mountain,Southwest,Arizona_Public_Service_Co,AZ,WestConnect
p28,WECC_SW,WestConnect,WestConnect_South,Mountain,AZ,western,AZ,USA,mountain,Southwest,Arizona_Public_Service_Co,AZ,WestConnect
p29,WECC_SW,WestConnect,WestConnect_South,Mountain,AZ,western,AZ,USA,mountain,Southwest,Arizona_Public_Service_Co,AZ,WestConnect
p30,WECC_SW,WestConnect,WestConnect_South,Mountain,AZ,western,AZ,USA,mountain,Southwest,Arizona_Public_Service_Co,AZ,WestConnect
p31,WECC_SW,WestConnect,WestConnect_South,Mountain,NM,western,NM_western,USA,mountain,Southwest,Public_Service_Co_of_New_Mexico,NM_WestConnect,WestConnect
p32,WECC_NW,WestConnect,WestConnect_North,Mountain,SD,western,SD_western,USA,northern-plains,Plains,WAPA_Rocky_Mountain_Region,SD_WestConnect,WestConnect
p33,WECC_NW,WestConnect,WestConnect_North,Mountain,CO,western,CO,USA,mountain,Mountain,Public_Service_Co_of_Colorado,CO,WestConnect
p34,WECC_NW,WestConnect,WestConnect_North,Mountain,CO,western,CO,USA,mountain,Mountain,Public_Service_Co_of_Colorado,CO,WestConnect
p35,SPP,SPP,SPP_North,West_North_Central,MT,eastern,MT_eastern,USA,mountain,Mountain,SPP,MT_SPP,SPP
p36,SPP,SPP,SPP_North,West_North_Central,ND,eastern,ND,USA,northern-plains,Plains,SPP,ND_SPP,SPP
p37,MISO,MISO,MISO_North,West_North_Central,ND,eastern,ND,USA,northern-plains,Plains,MISO,ND_MISO,MISO_North
p38,SPP,SPP,SPP_North,West_North_Central,SD,eastern,SD_eastern,USA,northern-plains,Plains,SPP,SD_SPP,SPP
p39,SPP,SPP,SPP_North,West_North_Central,NE,eastern,NE,USA,northern-plains,Plains,SPP,NE,SPP
p40,SPP,SPP,SPP_North,West_North_Central,NE,eastern,NE,USA,northern-plains,Plains,SPP,NE,SPP
p41,SPP,SPP,SPP_North,West_North_Central,NE,eastern,NE,USA,northern-plains,Plains,SPP,NE,SPP
p42,MISO,MISO,MISO_North,West_North_Central,MN,eastern,MN,USA,lake-states,Midwest,MISO,MN,MISO_North
p43,MISO,MISO,MISO_North,West_North_Central,MN,eastern,MN,USA,lake-states,Midwest,MISO,MN,MISO_North
p44,MISO,MISO,MISO_North,West_North_Central,MN,eastern,MN,USA,lake-states,Midwest,MISO,MN,MISO_North
p45,MISO,MISO,MISO_North,West_North_Central,IA,eastern,IA,USA,corn-belt,Midwest,MISO,IA,MISO_North
p46,MISO,MISO,MISO_North,East_North_Central,WI,eastern,WI,USA,lake-states,Midwest,MISO,WI,MISO_North
p47,SPP,SPP,SPP_South,West_South_Central,NM,eastern,NM_eastern,USA,mountain,Southwest,SPP,NM_SPP,SPP
p48,SPP,SPP,SPP_South,West_South_Central,TX,eastern,TX_eastern,USA,southern-plains,Texas,SPP,TX_SPP_N,SPP
p49,SPP,SPP,SPP_South,West_South_Central,OK,eastern,OK,USA,southern-plains,Plains,SPP,OK,SPP
p50,SPP,SPP,SPP_South,West_South_Central,OK,eastern,OK,USA,southern-plains,Plains,SPP,OK,SPP
p51,SPP,SPP,SPP_South,West_South_Central,OK,eastern,OK,USA,southern-plains,Plains,SPP,OK,SPP
p52,SPP,SPP,SPP_South,West_North_Central,KS,eastern,KS,USA,northern-plains,Plains,SPP,KS,SPP
p53,SPP,SPP,SPP_South,West_North_Central,KS,eastern,KS,USA,northern-plains,Plains,SPP,KS,SPP
p54,SPP,SPP,SPP_South,West_North_Central,MO,eastern,MO,USA,corn-belt,Midwest,SPP,MO_SPP,SPP
p55,SPP,SPP,SPP_South,West_North_Central,MO,eastern,MO,USA,corn-belt,Midwest,SPP,MO_SPP,SPP
p56,SPP,SPP,SPP_South,West_South_Central,AR,eastern,AR,USA,delta-states,Delta,SPP,AR_SPP,SPP
p57,SPP,SPP,SPP_South,West_South_Central,TX,eastern,TX_eastern,USA,southern-plains,Texas,SPP,TX_SPP_E,SPP
p58,MISO,MISO,MISO_South,West_South_Central,LA,eastern,LA,USA,delta-states,Delta,MISO,LA,MISO_South
p59,WECC_SW,WestConnect,WestConnect_South,Mountain,TX,western,TX_western,USA,southern-plains,Texas,El_Paso_Electric,TX_WestConnect,WestConnect
p60,ERCOT,ERCOT,ERCOT,West_South_Central,TX,ercot,TX_ercot,USA,southern-plains,Texas,ERCOT,TX_W_ERCOT,ERCOT
p61,ERCOT,ERCOT,ERCOT,West_South_Central,TX,ercot,TX_ercot,USA,southern-plains,Texas,ERCOT,TX_W_ERCOT,ERCOT
p62,ERCOT,ERCOT,ERCOT,West_South_Central,TX,ercot,TX_ercot,USA,southern-plains,Texas,ERCOT,TX_W_ERCOT,ERCOT
p63,ERCOT,ERCOT,ERCOT,West_South_Central,TX,ercot,TX_ercot,USA,southern-plains,Texas,ERCOT,TX_E_ERCOT,ERCOT
p64,ERCOT,ERCOT,ERCOT,West_South_Central,TX,ercot,TX_ercot,USA,southern-plains,Texas,ERCOT,TX_E_ERCOT,ERCOT
p65,ERCOT,ERCOT,ERCOT,West_South_Central,TX,ercot,TX_ercot,USA,southern-plains,Texas,ERCOT,TX_E_ERCOT,ERCOT
p66,MISO,MISO,MISO_South,West_South_Central,TX,eastern,TX_eastern,USA,southern-plains,Texas,MISO,TX_MISO,MISO_South
p67,ERCOT,ERCOT,ERCOT,West_South_Central,TX,ercot,TX_ercot,USA,southern-plains,Texas,ERCOT,TX_E_ERCOT,ERCOT
p68,MISO,MISO,MISO_North,West_North_Central,MN,eastern,MN,USA,lake-states,Midwest,MISO,MN,MISO_North
p69,MISO,MISO,MISO_North,West_North_Central,IA,eastern,IA,USA,corn-belt,Midwest,MISO,IA,MISO_North
p70,MISO,MISO,MISO_North,West_North_Central,IA,eastern,IA,USA,corn-belt,Midwest,MISO,IA,MISO_North
p71,MISO,MISO,MISO_Central,West_North_Central,MO,eastern,MO,USA,corn-belt,Midwest,MISO,MO_MISO,MISO_Central
p72,MISO,MISO,MISO_Central,West_North_Central,MO,eastern,MO,USA,corn-belt,Midwest,MISO,MO_MISO,MISO_Central
p73,MISO,MISO,MISO_Central,West_North_Central,MO,eastern,MO,USA,corn-belt,Midwest,MISO,MO_MISO,MISO_Central
p74,MISO,MISO,MISO_North,East_North_Central,MI,eastern,MI,USA,lake-states,Midwest,MISO,MI_MISO,MISO_North
p75,MISO,MISO,MISO_North,East_North_Central,WI,eastern,WI,USA,lake-states,Midwest,MISO,WI,MISO_North
p76,MISO,MISO,MISO_North,East_North_Central,WI,eastern,WI,USA,lake-states,Midwest,MISO,WI,MISO_North
p77,MISO,MISO,MISO_North,East_North_Central,WI,eastern,WI,USA,lake-states,Midwest,MISO,WI,MISO_North
p78,MISO,MISO,MISO_North,East_North_Central,WI,eastern,WI,USA,lake-states,Midwest,MISO,WI,MISO_North
p79,MISO,MISO,MISO_North,East_North_Central,WI,eastern,WI,USA,lake-states,Midwest,MISO,WI,MISO_North
p80,PJM,PJM,PJM_West,East_North_Central,IL,eastern,IL,USA,corn-belt,Midwest,PJM,IL_PJM,PJM
p81,MISO,MISO,MISO_Central,East_North_Central,IL,eastern,IL,USA,corn-belt,Midwest,MISO,IL_MISO,MISO_Central
p82,MISO,MISO,MISO_Central,East_North_Central,IL,eastern,IL,USA,corn-belt,Midwest,MISO,IL_MISO,MISO_Central
p83,MISO,MISO,MISO_Central,East_North_Central,IL,eastern,IL,USA,corn-belt,Midwest,MISO,IL_MISO,MISO_Central
p84,MISO,MISO,MISO_Central,West_North_Central,MO,eastern,MO,USA,corn-belt,Midwest,MISO,MO_MISO,MISO_Central
p85,MISO,MISO,MISO_South,West_South_Central,AR,eastern,AR,USA,delta-states,Delta,MISO,AR_MISO,MISO_South
p86,MISO,MISO,MISO_South,West_South_Central,LA,eastern,LA,USA,delta-states,Delta,MISO,LA,MISO_South
p87,MISO,MISO,MISO_South,East_South_Central,MS,eastern,MS,USA,delta-states,Delta,MISO,MS_MISO,MISO_South
p88,SERC_C,SERTP,SERTP,East_South_Central,MS,eastern,MS,USA,delta-states,Delta,Tennessee_Valley_Authority,MS_SERTP,SERTP
p89,SERC_SE,SERTP,SERTP,East_South_Central,AL,eastern,AL,USA,southeast,Southeast,PowerSouth_Energy_Coop,AL,SERTP
p90,SERC_SE,SERTP,SERTP,East_South_Central,AL,eastern,AL,USA,southeast,Southeast,PowerSouth_Energy_Coop,AL,SERTP
p91,SERC_SE,SERTP,SERTP,South_Atlantic,FL,eastern,FL,USA,southeast,Florida,Southern_Co_Services_Inc,FL_SERTP,SERTP
p92,SERC_C,SERTP,SERTP,East_South_Central,TN,eastern,TN,USA,appalachia,Southeast,Tennessee_Valley_Authority,TN,SERTP
p93,SERC_C,SERTP,SERTP,East_South_Central,KY,eastern,KY,USA,appalachia,MidAtlantic,Tennessee_Valley_Authority,KY_SERTP,SERTP
p94,SERC_SE,SERTP,SERTP,South_Atlantic,GA,eastern,GA,USA,southeast,Southeast,Southern_Co_Services_Inc,GA,SERTP
p95,SERC_E,SERTP,SERTP,South_Atlantic,SC,eastern,SC,USA,southeast,Southeast,South_Carolina_Electric_Gas_Co,SC,SERTP
p96,SERC_E,SERTP,SERTP,South_Atlantic,SC,eastern,SC,USA,southeast,Southeast,South_Carolina_Electric_Gas_Co,SC,SERTP
p97,SERC_E,SERTP,SERTP,South_Atlantic,NC,eastern,NC,USA,appalachia,Southeast,Duke_Energy_Carolinas_LLC,NC,SERTP
p98,SERC_E,SERTP,SERTP,South_Atlantic,NC,eastern,NC,USA,appalachia,Southeast,Duke_Energy_Carolinas_LLC,NC,SERTP
p99,PJM,PJM,PJM_East,South_Atlantic,VA,eastern,VA,USA,appalachia,MidAtlantic,PJM,VA,PJM
p100,PJM,PJM,PJM_East,South_Atlantic,VA,eastern,VA,USA,appalachia,MidAtlantic,PJM,VA,PJM
p101,SERC_F,FRCC,FRCC,South_Atlantic,FL,eastern,FL,USA,southeast,Florida,Seminole_Electric_Coop_Inc,FL_FRCC,FRCC
p102,SERC_F,FRCC,FRCC,South_Atlantic,FL,eastern,FL,USA,southeast,Florida,Seminole_Electric_Coop_Inc,FL_FRCC,FRCC
p103,MISO,MISO,MISO_Central,East_North_Central,MI,eastern,MI,USA,lake-states,Midwest,MISO,MI_MISO,MISO_Central
p104,PJM,PJM,PJM_West,East_North_Central,MI,eastern,MI,USA,lake-states,Midwest,PJM,MI_PJM,PJM
p105,MISO,MISO,MISO_Central,East_North_Central,IN,eastern,IN,USA,corn-belt,Midwest,MISO,IN,MISO_Central
p106,MISO,MISO,MISO_Central,East_North_Central,IN,eastern,IN,USA,corn-belt,Midwest,MISO,IN,MISO_Central
p107,MISO,MISO,MISO_Central,East_North_Central,IN,eastern,IN,USA,corn-belt,Midwest,MISO,IN,MISO_Central
p108,MISO,MISO,MISO_Central,East_South_Central,KY,eastern,KY,USA,appalachia,MidAtlantic,MISO,KY_MISO,MISO_Central
p109,PJM,PJM,PJM_East,East_South_Central,KY,eastern,KY,USA,appalachia,MidAtlantic,PJM,KY_PJM,PJM
p110,PJM,PJM,PJM_East,East_South_Central,KY,eastern,KY,USA,appalachia,MidAtlantic,PJM,KY_PJM,PJM
p111,PJM,PJM,PJM_East,East_North_Central,OH,eastern,OH,USA,corn-belt,MidAtlantic,PJM,OH,PJM
p112,PJM,PJM,PJM_East,East_North_Central,OH,eastern,OH,USA,corn-belt,MidAtlantic,PJM,OH,PJM
p113,PJM,PJM,PJM_East,East_North_Central,OH,eastern,OH,USA,corn-belt,MidAtlantic,PJM,OH,PJM
p114,PJM,PJM,PJM_East,East_North_Central,OH,eastern,OH,USA,corn-belt,MidAtlantic,PJM,OH,PJM
p115,PJM,PJM,PJM_East,Mid_Atlantic,PA,eastern,PA,USA,northeast,MidAtlantic,PJM,PA,PJM
p116,PJM,PJM,PJM_East,South_Atlantic,WV,eastern,WV,USA,appalachia,MidAtlantic,PJM,WV,PJM
p117,PJM,PJM,PJM_East,South_Atlantic,WV,eastern,WV,USA,appalachia,MidAtlantic,PJM,WV,PJM
p118,PJM,PJM,PJM_East,South_Atlantic,VA,eastern,VA,USA,appalachia,MidAtlantic,PJM,VA,PJM
p119,PJM,PJM,PJM_East,Mid_Atlantic,PA,eastern,PA,USA,northeast,MidAtlantic,PJM,PA,PJM
p120,PJM,PJM,PJM_East,Mid_Atlantic,PA,eastern,PA,USA,northeast,MidAtlantic,PJM,PA,PJM
p121,PJM,PJM,PJM_East,South_Atlantic,MD,eastern,MD,USA,northeast,MidAtlantic,PJM,MD,PJM
p122,PJM,PJM,PJM_East,Mid_Atlantic,PA,eastern,PA,USA,northeast,MidAtlantic,PJM,PA,PJM
p123,PJM,PJM,PJM_East,South_Atlantic,MD,eastern,MD,USA,northeast,MidAtlantic,PJM,MD,PJM
p124,PJM,PJM,PJM_East,South_Atlantic,VA,eastern,VA,USA,appalachia,MidAtlantic,PJM,VA,PJM
p125,PJM,PJM,PJM_East,South_Atlantic,DE,eastern,DE,USA,northeast,MidAtlantic,PJM,DE,PJM
p126,PJM,PJM,PJM_East,Mid_Atlantic,NJ,eastern,NJ,USA,northeast,MidAtlantic,PJM,NJ,PJM
p127,NPCC_NY,NYISO,NYISO,Mid_Atlantic,NY,eastern,NY,USA,northeast,NewYork,NYISO,NY_UP,NYISO
p128,NPCC_NY,NYISO,NYISO,Mid_Atlantic,NY,eastern,NY,USA,northeast,NewYork,NYISO,NY_NYCLI,NYISO
p129,NPCC_NE,ISONE,ISONE,New_England,VT,eastern,VT,USA,northeast,NewEngland,ISONE,VT,ISONE
p130,NPCC_NE,ISONE,ISONE,New_England,NH,eastern,NH,USA,northeast,NewEngland,ISONE,NH,ISONE
p131,NPCC_NE,ISONE,ISONE,New_England,MA,eastern,MA,USA,northeast,NewEngland,ISONE,MA,ISONE
p132,NPCC_NE,ISONE,ISONE,New_England,CT,eastern,CT,USA,northeast,NewEngland,ISONE,CT,ISONE
p133,NPCC_NE,ISONE,ISONE,New_England,RI,eastern,RI,USA,northeast,NewEngland,ISONE,RI,ISONE
p134,NPCC_NE,ISONE,ISONE,New_England,ME,eastern,ME,USA,northeast,NewEngland,ISONE,ME,ISONE
p135,nrn5,CAISO,CAISO,Pacific,MEX,western,MEX,MEX,other,MEX,MEX,MEX,CAISO
p136,nrn5,CAISO,CAISO,Pacific,MEX,western,MEX,MEX,other,MEX,MEX,MEX,CAISO
p137,nrn20,CAN,CAN,Pacific,BC,western,BC,CAN,other,CAN,CAN,CAN,CAN
p138,nrn20,CAN,CAN,Pacific,BC,western,BC,CAN,other,CAN,CAN,CAN,CAN
p139,nrn20,CAN,CAN,Pacific,BC,western,BC,CAN,other,CAN,CAN,CAN,CAN
p140,nrn21,CAN,CAN,Mountain,AB,western,AB,CAN,other,CAN,CAN,CAN,CAN
p141,nrn21,CAN,CAN,Mountain,AB,western,AB,CAN,other,CAN,CAN,CAN,CAN
p142,nrn22,CAN,CAN,West_North_Central,SK,eastern,SK,CAN,other,CAN,CAN,CAN,CAN
p143,nrn23,CAN,CAN,West_North_Central,MB,eastern,MB,CAN,other,CAN,CAN,CAN,CAN
p144,nrn24,CAN,CAN,Mid_Atlantic,ON,eastern,ON,CAN,other,CAN,CAN,CAN,CAN
p145,nrn24,CAN,CAN,Mid_Atlantic,ON,eastern,ON,CAN,other,CAN,CAN,CAN,CAN
p146,nrn24,CAN,CAN,Mid_Atlantic,ON,eastern,ON,CAN,other,CAN,CAN,CAN,CAN
p147,nrn24,CAN,CAN,Mid_Atlantic,ON,eastern,ON,CAN,other,CAN,CAN,CAN,CAN
p148,nrn25,CAN,CAN,New_England,QC,quebec,QC,CAN,other,CAN,CAN,CAN,CAN
p149,nrn25,CAN,CAN,New_England,QC,quebec,QC,CAN,other,CAN,CAN,CAN,CAN
p150,nrn25,CAN,CAN,New_England,QC,quebec,QC,CAN,other,CAN,CAN,CAN,CAN
p151,nrn25,CAN,CAN,New_England,QC,quebec,QC,CAN,other,CAN,CAN,CAN,CAN
p152,nrn26,CAN,CAN,New_England,NB,eastern,NB,CAN,other,CAN,CAN,CAN,CAN
p153,nrn26,CAN,CAN,New_England,NS,eastern,NS,CAN,other,CAN,CAN,CAN,CAN
p154,nrn24,CAN,CAN,New_England,NL,quebec,NL,CAN,other,CAN,CAN,CAN,CAN
p155,nrn24,CAN,CAN,New_England,NFI,quebec,NFI,CAN,other,CAN,CAN,CAN,CAN
p156,nrn26,CAN,CAN,New_England,PEI,eastern,PEI,CAN,other,CAN,CAN,CAN,CAN
p157,nrn27,MEX,MEX,MEX,SIN_SON,mexico,SIN_SON,MEX,other,MEX,MEX,MEX,MEX
p158,nrn27,MEX,MEX,MEX,SIN_SON,mexico,SIN_SON,MEX,other,MEX,MEX,MEX,MEX
p159,nrn27,MEX,MEX,MEX,SIN_SON,mexico,SIN_SON,MEX,other,MEX,MEX,MEX,MEX
p160,nrn27,MEX,MEX,MEX,SIN_SON,mexico,SIN_SON,MEX,other,MEX,MEX,MEX,MEX
p161,nrn27,MEX,MEX,MEX,SIN_SON,mexico,SIN_SON,MEX,other,MEX,MEX,MEX,MEX
p162,nrn27,MEX,MEX,MEX,SIN_SON,mexico,SIN_SON,MEX,other,MEX,MEX,MEX,MEX
p163,nrn27,MEX,MEX,MEX,CHH,mexico,CHH,MEX,other,MEX,MEX,MEX,MEX
p164,nrn27,MEX,MEX,MEX,CHH,mexico,CHH,MEX,other,MEX,MEX,MEX,MEX
p165,nrn27,MEX,MEX,MEX,CHH,mexico,CHH,MEX,other,MEX,MEX,MEX,MEX
p166,nrn27,MEX,MEX,MEX,COA_DGO_NLE,mexico,COA_DGO_NLE,MEX,other,MEX,MEX,MEX,MEX
p167,nrn27,MEX,MEX,MEX,COA_DGO_NLE,mexico,COA_DGO_NLE,MEX,other,MEX,MEX,MEX,MEX
p168,nrn27,MEX,MEX,MEX,COA_DGO_NLE,mexico,COA_DGO_NLE,MEX,other,MEX,MEX,MEX,MEX
p169,nrn27,MEX,MEX,MEX,DIF_HID_MEX_MOR_OAX_PUE_TAM_TLA_VER,mexico,DIF_HID_MEX_MOR_OAX_PUE_TAM_TLA_VER,MEX,other,MEX,MEX,MEX,MEX
p170,nrn27,MEX,MEX,MEX,DIF_HID_MEX_MOR_OAX_PUE_TAM_TLA_VER,mexico,DIF_HID_MEX_MOR_OAX_PUE_TAM_TLA_VER,MEX,other,MEX,MEX,MEX,MEX
p171,nrn27,MEX,MEX,MEX,DIF_HID_MEX_MOR_OAX_PUE_TAM_TLA_VER,mexico,DIF_HID_MEX_MOR_OAX_PUE_TAM_TLA_VER,MEX,other,MEX,MEX,MEX,MEX
p172,nrn27,MEX,MEX,MEX,COA_DGO_NLE,mexico,COA_DGO_NLE,MEX,other,MEX,MEX,MEX,MEX
p173,nrn27,MEX,MEX,MEX,COA_DGO_NLE,mexico,COA_DGO_NLE,MEX,other,MEX,MEX,MEX,MEX
p174,nrn27,MEX,MEX,MEX,SLP,mexico,SLP,MEX,other,MEX,MEX,MEX,MEX
p175,nrn27,MEX,MEX,MEX,DIF_HID_MEX_MOR_OAX_PUE_TAM_TLA_VER,mexico,DIF_HID_MEX_MOR_OAX_PUE_TAM_TLA_VER,MEX,other,MEX,MEX,MEX,MEX
p176,nrn27,MEX,MEX,MEX,SLP,mexico,SLP,MEX,other,MEX,MEX,MEX,MEX
p177,nrn27,MEX,MEX,MEX,DIF_HID_MEX_MOR_OAX_PUE_TAM_TLA_VER,mexico,DIF_HID_MEX_MOR_OAX_PUE_TAM_TLA_VER,MEX,other,MEX,MEX,MEX,MEX
p178,nrn27,MEX,MEX,MEX,AGU_GUA_JAL_NAY_QUE_ZAC,mexico,AGU_GUA_JAL_NAY_QUE_ZAC,MEX,other,MEX,MEX,MEX,MEX
p179,nrn27,MEX,MEX,MEX,AGU_GUA_JAL_NAY_QUE_ZAC,mexico,AGU_GUA_JAL_NAY_QUE_ZAC,MEX,other,MEX,MEX,MEX,MEX
p180,nrn27,MEX,MEX,MEX,AGU_GUA_JAL_NAY_QUE_ZAC,mexico,AGU_GUA_JAL_NAY_QUE_ZAC,MEX,other,MEX,MEX,MEX,MEX
p181,nrn27,MEX,MEX,MEX,SLP,mexico,SLP,MEX,other,MEX,MEX,MEX,MEX
p182,nrn27,MEX,MEX,MEX,AGU_GUA_JAL_NAY_QUE_ZAC,mexico,AGU_GUA_JAL_NAY_QUE_ZAC,MEX,other,MEX,MEX,MEX,MEX
p183,nrn27,MEX,MEX,MEX,COL,mexico,COL,MEX,other,MEX,MEX,MEX,MEX
p184,nrn27,MEX,MEX,MEX,GRO_MIC,mexico,GRO_MIC,MEX,other,MEX,MEX,MEX,MEX
p185,nrn27,MEX,MEX,MEX,GRO_MIC,mexico,GRO_MIC,MEX,other,MEX,MEX,MEX,MEX
p186,nrn27,MEX,MEX,MEX,AGU_GUA_JAL_NAY_QUE_ZAC,mexico,AGU_GUA_JAL_NAY_QUE_ZAC,MEX,other,MEX,MEX,MEX,MEX
p187,nrn27,MEX,MEX,MEX,DIF_HID_MEX_MOR_OAX_PUE_TAM_TLA_VER,mexico,DIF_HID_MEX_MOR_OAX_PUE_TAM_TLA_VER,MEX,other,MEX,MEX,MEX,MEX
p188,nrn27,MEX,MEX,MEX,DIF_HID_MEX_MOR_OAX_PUE_TAM_TLA_VER,mexico,DIF_HID_MEX_MOR_OAX_PUE_TAM_TLA_VER,MEX,other,MEX,MEX,MEX,MEX
p189,nrn27,MEX,MEX,MEX,DIF_HID_MEX_MOR_OAX_PUE_TAM_TLA_VER,mexico,DIF_HID_MEX_MOR_OAX_PUE_TAM_TLA_VER,MEX,other,MEX,MEX,MEX,MEX
p190,nrn27,MEX,MEX,MEX,DIF_HID_MEX_MOR_OAX_PUE_TAM_TLA_VER,mexico,DIF_HID_MEX_MOR_OAX_PUE_TAM_TLA_VER,MEX,other,MEX,MEX,MEX,MEX
p191,nrn27,MEX,MEX,MEX,GRO_MIC,mexico,GRO_MIC,MEX,other,MEX,MEX,MEX,MEX
p192,nrn27,MEX,MEX,MEX,DIF_HID_MEX_MOR_OAX_PUE_TAM_TLA_VER,mexico,DIF_HID_MEX_MOR_OAX_PUE_TAM_TLA_VER,MEX,other,MEX,MEX,MEX,MEX
p193,nrn27,MEX,MEX,MEX,DIF_HID_MEX_MOR_OAX_PUE_TAM_TLA_VER,mexico,DIF_HID_MEX_MOR_OAX_PUE_TAM_TLA_VER,MEX,other,MEX,MEX,MEX,MEX
p194,nrn27,MEX,MEX,MEX,CAM_CHP_TAB,mexico,CAM_CHP_TAB,MEX,other,MEX,MEX,MEX,MEX
p195,nrn27,MEX,MEX,MEX,CAM_CHP_TAB,mexico,CAM_CHP_TAB,MEX,other,MEX,MEX,MEX,MEX
p196,nrn27,MEX,MEX,MEX,DIF_HID_MEX_MOR_OAX_PUE_TAM_TLA_VER,mexico,DIF_HID_MEX_MOR_OAX_PUE_TAM_TLA_VER,MEX,other,MEX,MEX,MEX,MEX
p197,nrn27,MEX,MEX,MEX,CAM_CHP_TAB,mexico,CAM_CHP_TAB,MEX,other,MEX,MEX,MEX,MEX
p198,nrn27,MEX,MEX,MEX,YUC,mexico,YUC,MEX,other,MEX,MEX,MEX,MEX
p199,nrn27,MEX,MEX,MEX,ROO,mexico,ROO,MEX,other,MEX,MEX,MEX,MEX
p200,nrn27,MEX,MEX,MEX,ROO,mexico,ROO,MEX,other,MEX,MEX,MEX,MEX
p201,nrn27,MEX,MEX,MEX,BCN,mexico,BCN,MEX,other,MEX,MEX,MEX,MEX
p202,nrn27,MEX,MEX,MEX,BCN,mexico,BCN,MEX,other,MEX,MEX,MEX,MEX
p203,nrn27,MEX,MEX,MEX,BCN,mexico,BCN,MEX,other,MEX,MEX,MEX,MEX
p204,nrn27,MEX,MEX,MEX,BCN,mexico,BCN,MEX,other,MEX,MEX,MEX,MEX
p205,nrn27,MEX,MEX,MEX,BCS,mexico,BCS,MEX,other,MEX,MEX,MEX,MEX
