,ba,nercr,transreg,transgrp,cendiv,st,interconnect,st_interconnect,country,usda_region,h2ptcreg,hurdlereg,aggreg,transmiso
0,p1,WECC_NW,NorthernGrid,NorthernGrid_West,Pacific,WA,western,WA,USA,pacific,Northwest,Bonneville_Power_Administration,WA,NorthernGrid
1,p2,WECC_NW,NorthernGrid,NorthernGrid_West,Pacific,WA,western,WA,USA,pacific,Northwest,Bonneville_Power_Administration,WA,NorthernGrid
2,p3,WECC_NW,NorthernGrid,NorthernGrid_West,Pacific,WA,western,WA,USA,pacific,Northwest,Bonneville_Power_Administration,WA,NorthernGrid
3,p4,WECC_NW,NorthernGrid,NorthernGrid_West,Pacific,WA,western,WA,USA,pacific,Northwest,Bonneville_Power_Administration,WA,NorthernGrid
4,p5,WECC_NW,NorthernGrid,NorthernGrid_West,Pacific,OR,western,OR,USA,pacific,Northwest,Bonneville_Power_Administration,OR,NorthernGrid
5,p6,WECC_NW,NorthernGrid,NorthernGrid_West,Pacific,OR,western,OR,USA,pacific,Northwest,Bonneville_Power_Administration,OR,NorthernGrid
6,p7,WECC_NW,NorthernGrid,NorthernGrid_West,Pacific,OR,western,OR,USA,pacific,Northwest,Bonneville_Power_Administration,OR,NorthernGrid
7,p8,WECC_NW,NorthernGrid,NorthernGrid_South,Pacific,CA,western,CA,USA,pacific,California,PacifiCorp_West,CA_NorthernGrid,NorthernGrid
8,p9,WECC_CA,CAISO,CAISO,Pacific,CA,western,CA,USA,pacific,California,CAISO,CA_N_CAISO,CAISO
9,p10,WECC_CA,CAISO,CAISO,Pacific,CA,western,CA,USA,pacific,California,CAISO,CA_S_CAISO,CAISO
10,p11,WECC_CA,CAISO,CAISO,Pacific,CA,western,CA,USA,pacific,California,CAISO,CA_S_CAISO,CAISO
11,p12,WECC_NW,NorthernGrid,NorthernGrid_South,Mountain,NV,western,NV,USA,mountain,Mountain,Nevada_Power_Co,NV,NorthernGrid
12,p13,WECC_NW,NorthernGrid,NorthernGrid_South,Mountain,NV,western,NV,USA,mountain,Mountain,Nevada_Power_Co,NV,NorthernGrid
13,p14,WECC_NW,NorthernGrid,NorthernGrid_East,Mountain,ID,western,ID,USA,mountain,Northwest,Idaho_Power_Co,ID,NorthernGrid
14,p15,WECC_NW,NorthernGrid,NorthernGrid_East,Mountain,ID,western,ID,USA,mountain,Northwest,Idaho_Power_Co,ID,NorthernGrid
15,p16,WECC_NW,NorthernGrid,NorthernGrid_East,Mountain,ID,western,ID,USA,mountain,Northwest,Idaho_Power_Co,ID,NorthernGrid
16,p17,WECC_NW,NorthernGrid,NorthernGrid_East,Mountain,MT,western,MT_western,USA,mountain,Mountain,Northwestern_Energy,MT_NorthernGrid,NorthernGrid
17,p18,WECC_NW,NorthernGrid,NorthernGrid_East,Mountain,MT,western,MT_western,USA,mountain,Mountain,Northwestern_Energy,MT_NorthernGrid,NorthernGrid
18,p19,WECC_NW,NorthernGrid,NorthernGrid_East,Mountain,MT,western,MT_western,USA,mountain,Mountain,Northwestern_Energy,MT_NorthernGrid,NorthernGrid
19,p20,WECC_NW,NorthernGrid,NorthernGrid_East,Mountain,MT,western,MT_western,USA,mountain,Mountain,Northwestern_Energy,MT_NorthernGrid,NorthernGrid
20,p21,WECC_NW,NorthernGrid,NorthernGrid_East,Mountain,WY,western,WY,USA,mountain,Mountain,PacifiCorp_East,WY_NorthernGrid,NorthernGrid
21,p22,WECC_NW,NorthernGrid,NorthernGrid_East,Mountain,WY,western,WY,USA,mountain,Mountain,PacifiCorp_East,WY_NorthernGrid,NorthernGrid
22,p23,WECC_NW,WestConnect,WestConnect_North,Mountain,WY,western,WY,USA,mountain,Mountain,WAPA_Rocky_Mountain_Region,WY_WestConnect,WestConnect
23,p24,WECC_NW,WestConnect,WestConnect_North,Mountain,WY,western,WY,USA,mountain,Mountain,WAPA_Rocky_Mountain_Region,WY_WestConnect,WestConnect
24,p25,WECC_NW,NorthernGrid,NorthernGrid_South,Mountain,UT,western,UT,USA,mountain,Mountain,PacifiCorp_East,UT,NorthernGrid
25,p26,WECC_NW,NorthernGrid,NorthernGrid_South,Mountain,UT,western,UT,USA,mountain,Mountain,PacifiCorp_East,UT,NorthernGrid
26,p27,WECC_SW,WestConnect,WestConnect_South,Mountain,AZ,western,AZ,USA,mountain,Southwest,Arizona_Public_Service_Co,AZ,WestConnect
27,p28,WECC_SW,WestConnect,WestConnect_South,Mountain,AZ,western,AZ,USA,mountain,Southwest,Arizona_Public_Service_Co,AZ,WestConnect
28,p29,WECC_SW,WestConnect,WestConnect_South,Mountain,AZ,western,AZ,USA,mountain,Southwest,Arizona_Public_Service_Co,AZ,WestConnect
29,p30,WECC_SW,WestConnect,WestConnect_South,Mountain,AZ,western,AZ,USA,mountain,Southwest,Arizona_Public_Service_Co,AZ,WestConnect
30,p31,WECC_SW,WestConnect,WestConnect_South,Mountain,NM,western,NM_western,USA,mountain,Southwest,Public_Service_Co_of_New_Mexico,NM_WestConnect,WestConnect
31,p32,WECC_NW,WestConnect,WestConnect_North,Mountain,SD,western,SD_western,USA,northern-plains,Plains,WAPA_Rocky_Mountain_Region,SD_WestConnect,WestConnect
32,p33,WECC_NW,WestConnect,WestConnect_North,Mountain,CO,western,CO,USA,mountain,Mountain,Public_Service_Co_of_Colorado,CO,WestConnect
33,p34,WECC_NW,WestConnect,WestConnect_North,Mountain,CO,western,CO,USA,mountain,Mountain,Public_Service_Co_of_Colorado,CO,WestConnect
34,p35,SPP,SPP,SPP_North,West_North_Central,MT,eastern,MT_eastern,USA,mountain,Mountain,SPP,MT_SPP,SPP
35,p36,SPP,SPP,SPP_North,West_North_Central,ND,eastern,ND,USA,northern-plains,Plains,SPP,ND_SPP,SPP
36,p37,MISO,MISO,MISO_North,West_North_Central,ND,eastern,ND,USA,northern-plains,Plains,MISO,ND_MISO,MISO_North
37,p38,SPP,SPP,SPP_North,West_North_Central,SD,eastern,SD_eastern,USA,northern-plains,Plains,SPP,SD_SPP,SPP
38,p39,SPP,SPP,SPP_North,West_North_Central,NE,eastern,NE,USA,northern-plains,Plains,SPP,NE,SPP
39,p40,SPP,SPP,SPP_North,West_North_Central,NE,eastern,NE,USA,northern-plains,Plains,SPP,NE,SPP
40,p41,SPP,SPP,SPP_North,West_North_Central,NE,eastern,NE,USA,northern-plains,Plains,SPP,NE,SPP
41,p42,MISO,MISO,MISO_North,West_North_Central,MN,eastern,MN,USA,lake-states,Midwest,MISO,MN,MISO_North
42,p43,MISO,MISO,MISO_North,West_North_Central,MN,eastern,MN,USA,lake-states,Midwest,MISO,MN,MISO_North
43,p44,MISO,MISO,MISO_North,West_North_Central,MN,eastern,MN,USA,lake-states,Midwest,MISO,MN,MISO_North
44,p45,MISO,MISO,MISO_North,West_North_Central,IA,eastern,IA,USA,corn-belt,Midwest,MISO,IA,MISO_North
45,p46,MISO,MISO,MISO_North,East_North_Central,WI,eastern,WI,USA,lake-states,Midwest,MISO,WI,MISO_North
46,p47,SPP,SPP,SPP_South,West_South_Central,NM,eastern,NM_eastern,USA,mountain,Southwest,SPP,NM_SPP,SPP
47,p48,SPP,SPP,SPP_South,West_South_Central,TX,eastern,TX_eastern,USA,southern-plains,Texas,SPP,TX_SPP_N,SPP
48,p49,SPP,SPP,SPP_South,West_South_Central,OK,eastern,OK,USA,southern-plains,Plains,SPP,OK,SPP
49,p50,SPP,SPP,SPP_South,West_South_Central,OK,eastern,OK,USA,southern-plains,Plains,SPP,OK,SPP
50,p51,SPP,SPP,SPP_South,West_South_Central,OK,eastern,OK,USA,southern-plains,Plains,SPP,OK,SPP
51,p52,SPP,SPP,SPP_South,West_North_Central,KS,eastern,KS,USA,northern-plains,Plains,SPP,KS,SPP
52,p53,SPP,SPP,SPP_South,West_North_Central,KS,eastern,KS,USA,northern-plains,Plains,SPP,KS,SPP
53,p54,SPP,SPP,SPP_South,West_North_Central,MO,eastern,MO,USA,corn-belt,Midwest,SPP,MO_SPP,SPP
54,p55,SPP,SPP,SPP_South,West_North_Central,MO,eastern,MO,USA,corn-belt,Midwest,SPP,MO_SPP,SPP
55,p56,SPP,SPP,SPP_South,West_South_Central,AR,eastern,AR,USA,delta-states,Delta,SPP,AR_SPP,SPP
56,p57,SPP,SPP,SPP_South,West_South_Central,TX,eastern,TX_eastern,USA,southern-plains,Texas,SPP,TX_SPP_E,SPP
57,p58,MISO,MISO,MISO_South,West_South_Central,LA,eastern,LA,USA,delta-states,Delta,MISO,LA,MISO_South
58,p59,WECC_SW,WestConnect,WestConnect_South,Mountain,TX,western,TX_western,USA,southern-plains,Texas,El_Paso_Electric,TX_WestConnect,WestConnect
59,p60,ERCOT,ERCOT,ERCOT,West_South_Central,TX,ercot,TX_ercot,USA,southern-plains,Texas,ERCOT,TX_W_ERCOT,ERCOT
60,p61,ERCOT,ERCOT,ERCOT,West_South_Central,TX,ercot,TX_ercot,USA,southern-plains,Texas,ERCOT,TX_W_ERCOT,ERCOT
61,p62,ERCOT,ERCOT,ERCOT,West_South_Central,TX,ercot,TX_ercot,USA,southern-plains,Texas,ERCOT,TX_W_ERCOT,ERCOT
62,p63,ERCOT,ERCOT,ERCOT,West_South_Central,TX,ercot,TX_ercot,USA,southern-plains,Texas,ERCOT,TX_E_ERCOT,ERCOT
63,p64,ERCOT,ERCOT,ERCOT,West_South_Central,TX,ercot,TX_ercot,USA,southern-plains,Texas,ERCOT,TX_E_ERCOT,ERCOT
64,p65,ERCOT,ERCOT,ERCOT,West_South_Central,TX,ercot,TX_ercot,USA,southern-plains,Texas,ERCOT,TX_E_ERCOT,ERCOT
65,p66,MISO,MISO,MISO_South,West_South_Central,TX,eastern,TX_eastern,USA,southern-plains,Texas,MISO,TX_MISO,MISO_South
66,p67,ERCOT,ERCOT,ERCOT,West_South_Central,TX,ercot,TX_ercot,USA,southern-plains,Texas,ERCOT,TX_E_ERCOT,ERCOT
67,p68,MISO,MISO,MISO_North,West_North_Central,MN,eastern,MN,USA,lake-states,Midwest,MISO,MN,MISO_North
68,p69,MISO,MISO,MISO_North,West_North_Central,IA,eastern,IA,USA,corn-belt,Midwest,MISO,IA,MISO_North
69,p70,MISO,MISO,MISO_North,West_North_Central,IA,eastern,IA,USA,corn-belt,Midwest,MISO,IA,MISO_North
70,p71,MISO,MISO,MISO_Central,West_North_Central,MO,eastern,MO,USA,corn-belt,Midwest,MISO,MO_MISO,MISO_Central
71,p72,MISO,MISO,MISO_Central,West_North_Central,MO,eastern,MO,USA,corn-belt,Midwest,MISO,MO_MISO,MISO_Central
72,p73,MISO,MISO,MISO_Central,West_North_Central,MO,eastern,MO,USA,corn-belt,Midwest,MISO,MO_MISO,MISO_Central
73,p74,MISO,MISO,MISO_North,East_North_Central,MI,eastern,MI,USA,lake-states,Midwest,MISO,MI_MISO,MISO_North
74,p75,MISO,MISO,MISO_North,East_North_Central,WI,eastern,WI,USA,lake-states,Midwest,MISO,WI,MISO_North
75,p76,MISO,MISO,MISO_North,East_North_Central,WI,eastern,WI,USA,lake-states,Midwest,MISO,WI,MISO_North
76,p77,MISO,MISO,MISO_North,East_North_Central,WI,eastern,WI,USA,lake-states,Midwest,MISO,WI,MISO_North
77,p78,MISO,MISO,MISO_North,East_North_Central,WI,eastern,WI,USA,lake-states,Midwest,MISO,WI,MISO_North
78,p79,MISO,MISO,MISO_North,East_North_Central,WI,eastern,WI,USA,lake-states,Midwest,MISO,WI,MISO_North
79,p80,PJM,PJM,PJM_West,East_North_Central,IL,eastern,IL,USA,corn-belt,Midwest,PJM,IL_PJM,PJM
80,p81,MISO,MISO,MISO_Central,East_North_Central,IL,eastern,IL,USA,corn-belt,Midwest,MISO,IL_MISO,MISO_Central
81,p82,MISO,MISO,MISO_Central,East_North_Central,IL,eastern,IL,USA,corn-belt,Midwest,MISO,IL_MISO,MISO_Central
82,p83,MISO,MISO,MISO_Central,East_North_Central,IL,eastern,IL,USA,corn-belt,Midwest,MISO,IL_MISO,MISO_Central
83,p84,MISO,MISO,MISO_Central,West_North_Central,MO,eastern,MO,USA,corn-belt,Midwest,MISO,MO_MISO,MISO_Central
84,p85,MISO,MISO,MISO_South,West_South_Central,AR,eastern,AR,USA,delta-states,Delta,MISO,AR_MISO,MISO_South
85,p86,MISO,MISO,MISO_South,West_South_Central,LA,eastern,LA,USA,delta-states,Delta,MISO,LA,MISO_South
86,p87,MISO,MISO,MISO_South,East_South_Central,MS,eastern,MS,USA,delta-states,Delta,MISO,MS_MISO,MISO_South
87,p88,SERC_C,SERTP,SERTP,East_South_Central,MS,eastern,MS,USA,delta-states,Delta,Tennessee_Valley_Authority,MS_SERTP,SERTP
88,p89,SERC_SE,SERTP,SERTP,East_South_Central,AL,eastern,AL,USA,southeast,Southeast,PowerSouth_Energy_Coop,AL,SERTP
89,p90,SERC_SE,SERTP,SERTP,East_South_Central,AL,eastern,AL,USA,southeast,Southeast,PowerSouth_Energy_Coop,AL,SERTP
90,p91,SERC_SE,SERTP,SERTP,South_Atlantic,FL,eastern,FL,USA,southeast,Florida,Southern_Co_Services_Inc,FL_SERTP,SERTP
91,p92,SERC_C,SERTP,SERTP,East_South_Central,TN,eastern,TN,USA,appalachia,Southeast,Tennessee_Valley_Authority,TN,SERTP
92,p93,SERC_C,SERTP,SERTP,East_South_Central,KY,eastern,KY,USA,appalachia,MidAtlantic,Tennessee_Valley_Authority,KY_SERTP,SERTP
93,p94,SERC_SE,SERTP,SERTP,South_Atlantic,GA,eastern,GA,USA,southeast,Southeast,Southern_Co_Services_Inc,GA,SERTP
94,p95,SERC_E,SERTP,SERTP,South_Atlantic,SC,eastern,SC,USA,southeast,Southeast,South_Carolina_Electric_Gas_Co,SC,SERTP
95,p96,SERC_E,SERTP,SERTP,South_Atlantic,SC,eastern,SC,USA,southeast,Southeast,South_Carolina_Electric_Gas_Co,SC,SERTP
96,p97,SERC_E,SERTP,SERTP,South_Atlantic,NC,eastern,NC,USA,appalachia,Southeast,Duke_Energy_Carolinas_LLC,NC,SERTP
97,p98,SERC_E,SERTP,SERTP,South_Atlantic,NC,eastern,NC,USA,appalachia,Southeast,Duke_Energy_Carolinas_LLC,NC,SERTP
98,p99,PJM,PJM,PJM_East,South_Atlantic,VA,eastern,VA,USA,appalachia,MidAtlantic,PJM,VA,PJM
99,p100,PJM,PJM,PJM_East,South_Atlantic,VA,eastern,VA,USA,appalachia,MidAtlantic,PJM,VA,PJM
100,p101,SERC_F,FRCC,FRCC,South_Atlantic,FL,eastern,FL,USA,southeast,Florida,Seminole_Electric_Coop_Inc,FL_FRCC,FRCC
101,p102,SERC_F,FRCC,FRCC,South_Atlantic,FL,eastern,FL,USA,southeast,Florida,Seminole_Electric_Coop_Inc,FL_FRCC,FRCC
102,p103,MISO,MISO,MISO_Central,East_North_Central,MI,eastern,MI,USA,lake-states,Midwest,MISO,MI_MISO,MISO_Central
103,p104,PJM,PJM,PJM_West,East_North_Central,MI,eastern,MI,USA,lake-states,Midwest,PJM,MI_PJM,PJM
104,p105,MISO,MISO,MISO_Central,East_North_Central,IN,eastern,IN,USA,corn-belt,Midwest,MISO,IN,MISO_Central
105,p106,MISO,MISO,MISO_Central,East_North_Central,IN,eastern,IN,USA,corn-belt,Midwest,MISO,IN,MISO_Central
106,p107,MISO,MISO,MISO_Central,East_North_Central,IN,eastern,IN,USA,corn-belt,Midwest,MISO,IN,MISO_Central
107,p108,MISO,MISO,MISO_Central,East_South_Central,KY,eastern,KY,USA,appalachia,MidAtlantic,MISO,KY_MISO,MISO_Central
108,p109,PJM,PJM,PJM_East,East_South_Central,KY,eastern,KY,USA,appalachia,MidAtlantic,PJM,KY_PJM,PJM
109,p110,PJM,PJM,PJM_East,East_South_Central,KY,eastern,KY,USA,appalachia,MidAtlantic,PJM,KY_PJM,PJM
110,p111,PJM,PJM,PJM_East,East_North_Central,OH,eastern,OH,USA,corn-belt,MidAtlantic,PJM,OH,PJM
111,p112,PJM,PJM,PJM_East,East_North_Central,OH,eastern,OH,USA,corn-belt,MidAtlantic,PJM,OH,PJM
112,p113,PJM,PJM,PJM_East,East_North_Central,OH,eastern,OH,USA,corn-belt,MidAtlantic,PJM,OH,PJM
113,p114,PJM,PJM,PJM_East,East_North_Central,OH,eastern,OH,USA,corn-belt,MidAtlantic,PJM,OH,PJM
114,p115,PJM,PJM,PJM_East,Mid_Atlantic,PA,eastern,PA,USA,northeast,MidAtlantic,PJM,PA,PJM
115,p116,PJM,PJM,PJM_East,South_Atlantic,WV,eastern,WV,USA,appalachia,MidAtlantic,PJM,WV,PJM
116,p117,PJM,PJM,PJM_East,South_Atlantic,WV,eastern,WV,USA,appalachia,MidAtlantic,PJM,WV,PJM
117,p118,PJM,PJM,PJM_East,South_Atlantic,VA,eastern,VA,USA,appalachia,MidAtlantic,PJM,VA,PJM
118,p119,PJM,PJM,PJM_East,Mid_Atlantic,PA,eastern,PA,USA,northeast,MidAtlantic,PJM,PA,PJM
119,p120,PJM,PJM,PJM_East,Mid_Atlantic,PA,eastern,PA,USA,northeast,MidAtlantic,PJM,PA,PJM
120,p121,PJM,PJM,PJM_East,South_Atlantic,MD,eastern,MD,USA,northeast,MidAtlantic,PJM,MD,PJM
121,p122,PJM,PJM,PJM_East,Mid_Atlantic,PA,eastern,PA,USA,northeast,MidAtlantic,PJM,PA,PJM
122,p123,PJM,PJM,PJM_East,South_Atlantic,MD,eastern,MD,USA,northeast,MidAtlantic,PJM,MD,PJM
123,p124,PJM,PJM,PJM_East,South_Atlantic,VA,eastern,VA,USA,appalachia,MidAtlantic,PJM,VA,PJM
124,p125,PJM,PJM,PJM_East,South_Atlantic,DE,eastern,DE,USA,northeast,MidAtlantic,PJM,DE,PJM
125,p126,PJM,PJM,PJM_East,Mid_Atlantic,NJ,eastern,NJ,USA,northeast,MidAtlantic,PJM,NJ,PJM
126,p127,NPCC_NY,NYISO,NYISO,Mid_Atlantic,NY,eastern,NY,USA,northeast,NewYork,NYISO,NY_UP,NYISO
127,p128,NPCC_NY,NYISO,NYISO,Mid_Atlantic,NY,eastern,NY,USA,northeast,NewYork,NYISO,NY_NYCLI,NYISO
128,p129,NPCC_NE,ISONE,ISONE,New_England,VT,eastern,VT,USA,northeast,NewEngland,ISONE,VT,ISONE
129,p130,NPCC_NE,ISONE,ISONE,New_England,NH,eastern,NH,USA,northeast,NewEngland,ISONE,NH,ISONE
130,p131,NPCC_NE,ISONE,ISONE,New_England,MA,eastern,MA,USA,northeast,NewEngland,ISONE,MA,ISONE
131,p132,NPCC_NE,ISONE,ISONE,New_England,CT,eastern,CT,USA,northeast,NewEngland,ISONE,CT,ISONE
132,p133,NPCC_NE,ISONE,ISONE,New_England,RI,eastern,RI,USA,northeast,NewEngland,ISONE,RI,ISONE
133,p134,NPCC_NE,ISONE,ISONE,New_England,ME,eastern,ME,USA,northeast,NewEngland,ISONE,ME,ISONE
134,p135,nrn5,CAISO,CAISO,Pacific,MEX,western,MEX,MEX,other,MEX,MEX,MEX,CAISO
135,p136,nrn5,CAISO,CAISO,Pacific,MEX,western,MEX,MEX,other,MEX,MEX,MEX,CAISO
136,p137,nrn20,CAN,CAN,Pacific,BC,western,BC,CAN,other,CAN,CAN,CAN,CAN
137,p138,nrn20,CAN,CAN,Pacific,BC,western,BC,CAN,other,CAN,CAN,CAN,CAN
138,p139,nrn20,CAN,CAN,Pacific,BC,western,BC,CAN,other,CAN,CAN,CAN,CAN
139,p140,nrn21,CAN,CAN,Mountain,AB,western,AB,CAN,other,CAN,CAN,CAN,CAN
140,p141,nrn21,CAN,CAN,Mountain,AB,western,AB,CAN,other,CAN,CAN,CAN,CAN
141,p142,nrn22,CAN,CAN,West_North_Central,SK,eastern,SK,CAN,other,CAN,CAN,CAN,CAN
142,p143,nrn23,CAN,CAN,West_North_Central,MB,eastern,MB,CAN,other,CAN,CAN,CAN,CAN
143,p144,nrn24,CAN,CAN,Mid_Atlantic,ON,eastern,ON,CAN,other,CAN,CAN,CAN,CAN
144,p145,nrn24,CAN,CAN,Mid_Atlantic,ON,eastern,ON,CAN,other,CAN,CAN,CAN,CAN
145,p146,nrn24,CAN,CAN,Mid_Atlantic,ON,eastern,ON,CAN,other,CAN,CAN,CAN,CAN
146,p147,nrn24,CAN,CAN,Mid_Atlantic,ON,eastern,ON,CAN,other,CAN,CAN,CAN,CAN
147,p148,nrn25,CAN,CAN,New_England,QC,quebec,QC,CAN,other,CAN,CAN,CAN,CAN
148,p149,nrn25,CAN,CAN,New_England,QC,quebec,QC,CAN,other,CAN,CAN,CAN,CAN
149,p150,nrn25,CAN,CAN,New_England,QC,quebec,QC,CAN,other,CAN,CAN,CAN,CAN
150,p151,nrn25,CAN,CAN,New_England,QC,quebec,QC,CAN,other,CAN,CAN,CAN,CAN
151,p152,nrn26,CAN,CAN,New_England,NB,eastern,NB,CAN,other,CAN,CAN,CAN,CAN
152,p153,nrn26,CAN,CAN,New_England,NS,eastern,NS,CAN,other,CAN,CAN,CAN,CAN
153,p154,nrn24,CAN,CAN,New_England,NL,quebec,NL,CAN,other,CAN,CAN,CAN,CAN
154,p155,nrn24,CAN,CAN,New_England,NFI,quebec,NFI,CAN,other,CAN,CAN,CAN,CAN
155,p156,nrn26,CAN,CAN,New_England,PEI,eastern,PEI,CAN,other,CAN,CAN,CAN,CAN
156,p157,nrn27,MEX,MEX,MEX,SIN_SON,mexico,SIN_SON,MEX,other,MEX,MEX,MEX,MEX
157,p158,nrn27,MEX,MEX,MEX,SIN_SON,mexico,SIN_SON,MEX,other,MEX,MEX,MEX,MEX
158,p159,nrn27,MEX,MEX,MEX,SIN_SON,mexico,SIN_SON,MEX,other,MEX,MEX,MEX,MEX
159,p160,nrn27,MEX,MEX,MEX,SIN_SON,mexico,SIN_SON,MEX,other,MEX,MEX,MEX,MEX
160,p161,nrn27,MEX,MEX,MEX,SIN_SON,mexico,SIN_SON,MEX,other,MEX,MEX,MEX,MEX
161,p162,nrn27,MEX,MEX,MEX,SIN_SON,mexico,SIN_SON,MEX,other,MEX,MEX,MEX,MEX
162,p163,nrn27,MEX,MEX,MEX,CHH,mexico,CHH,MEX,other,MEX,MEX,MEX,MEX
163,p164,nrn27,MEX,MEX,MEX,CHH,mexico,CHH,MEX,other,MEX,MEX,MEX,MEX
164,p165,nrn27,MEX,MEX,MEX,CHH,mexico,CHH,MEX,other,MEX,MEX,MEX,MEX
165,p166,nrn27,MEX,MEX,MEX,COA_DGO_NLE,mexico,COA_DGO_NLE,MEX,other,MEX,MEX,MEX,MEX
166,p167,nrn27,MEX,MEX,MEX,COA_DGO_NLE,mexico,COA_DGO_NLE,MEX,other,MEX,MEX,MEX,MEX
167,p168,nrn27,MEX,MEX,MEX,COA_DGO_NLE,mexico,COA_DGO_NLE,MEX,other,MEX,MEX,MEX,MEX
168,p169,nrn27,MEX,MEX,MEX,DIF_HID_MEX_MOR_OAX_PUE_TAM_TLA_VER,mexico,DIF_HID_MEX_MOR_OAX_PUE_TAM_TLA_VER,MEX,other,MEX,MEX,MEX,MEX
169,p170,nrn27,MEX,MEX,MEX,DIF_HID_MEX_MOR_OAX_PUE_TAM_TLA_VER,mexico,DIF_HID_MEX_MOR_OAX_PUE_TAM_TLA_VER,MEX,other,MEX,MEX,MEX,MEX
170,p171,nrn27,MEX,MEX,MEX,DIF_HID_MEX_MOR_OAX_PUE_TAM_TLA_VER,mexico,DIF_HID_MEX_MOR_OAX_PUE_TAM_TLA_VER,MEX,other,MEX,MEX,MEX,MEX
171,p172,nrn27,MEX,MEX,MEX,COA_DGO_NLE,mexico,COA_DGO_NLE,MEX,other,MEX,MEX,MEX,MEX
172,p173,nrn27,MEX,MEX,MEX,COA_DGO_NLE,mexico,COA_DGO_NLE,MEX,other,MEX,MEX,MEX,MEX
173,p174,nrn27,MEX,MEX,MEX,SLP,mexico,SLP,MEX,other,MEX,MEX,MEX,MEX
174,p175,nrn27,MEX,MEX,MEX,DIF_HID_MEX_MOR_OAX_PUE_TAM_TLA_VER,mexico,DIF_HID_MEX_MOR_OAX_PUE_TAM_TLA_VER,MEX,other,MEX,MEX,MEX,MEX
175,p176,nrn27,MEX,MEX,MEX,SLP,mexico,SLP,MEX,other,MEX,MEX,MEX,MEX
176,p177,nrn27,MEX,MEX,MEX,DIF_HID_MEX_MOR_OAX_PUE_TAM_TLA_VER,mexico,DIF_HID_MEX_MOR_OAX_PUE_TAM_TLA_VER,MEX,other,MEX,MEX,MEX,MEX
177,p178,nrn27,MEX,MEX,MEX,AGU_GUA_JAL_NAY_QUE_ZAC,mexico,AGU_GUA_JAL_NAY_QUE_ZAC,MEX,other,MEX,MEX,MEX,MEX
178,p179,nrn27,MEX,MEX,MEX,AGU_GUA_JAL_NAY_QUE_ZAC,mexico,AGU_GUA_JAL_NAY_QUE_ZAC,MEX,other,MEX,MEX,MEX,MEX
179,p180,nrn27,MEX,MEX,MEX,AGU_GUA_JAL_NAY_QUE_ZAC,mexico,AGU_GUA_JAL_NAY_QUE_ZAC,MEX,other,MEX,MEX,MEX,MEX
180,p181,nrn27,MEX,MEX,MEX,SLP,mexico,SLP,MEX,other,MEX,MEX,MEX,MEX
181,p182,nrn27,MEX,MEX,MEX,AGU_GUA_JAL_NAY_QUE_ZAC,mexico,AGU_GUA_JAL_NAY_QUE_ZAC,MEX,other,MEX,MEX,MEX,MEX
182,p183,nrn27,MEX,MEX,MEX,COL,mexico,COL,MEX,other,MEX,MEX,MEX,MEX
183,p184,nrn27,MEX,MEX,MEX,GRO_MIC,mexico,GRO_MIC,MEX,other,MEX,MEX,MEX,MEX
184,p185,nrn27,MEX,MEX,MEX,GRO_MIC,mexico,GRO_MIC,MEX,other,MEX,MEX,MEX,MEX
185,p186,nrn27,MEX,MEX,MEX,AGU_GUA_JAL_NAY_QUE_ZAC,mexico,AGU_GUA_JAL_NAY_QUE_ZAC,MEX,other,MEX,MEX,MEX,MEX
186,p187,nrn27,MEX,MEX,MEX,DIF_HID_MEX_MOR_OAX_PUE_TAM_TLA_VER,mexico,DIF_HID_MEX_MOR_OAX_PUE_TAM_TLA_VER,MEX,other,MEX,MEX,MEX,MEX
187,p188,nrn27,MEX,MEX,MEX,DIF_HID_MEX_MOR_OAX_PUE_TAM_TLA_VER,mexico,DIF_HID_MEX_MOR_OAX_PUE_TAM_TLA_VER,MEX,other,MEX,MEX,MEX,MEX
188,p189,nrn27,MEX,MEX,MEX,DIF_HID_MEX_MOR_OAX_PUE_TAM_TLA_VER,mexico,DIF_HID_MEX_MOR_OAX_PUE_TAM_TLA_VER,MEX,other,MEX,MEX,MEX,MEX
189,p190,nrn27,MEX,MEX,MEX,DIF_HID_MEX_MOR_OAX_PUE_TAM_TLA_VER,mexico,DIF_HID_MEX_MOR_OAX_PUE_TAM_TLA_VER,MEX,other,MEX,MEX,MEX,MEX
190,p191,nrn27,MEX,MEX,MEX,GRO_MIC,mexico,GRO_MIC,MEX,other,MEX,MEX,MEX,MEX
191,p192,nrn27,MEX,MEX,MEX,DIF_HID_MEX_MOR_OAX_PUE_TAM_TLA_VER,mexico,DIF_HID_MEX_MOR_OAX_PUE_TAM_TLA_VER,MEX,other,MEX,MEX,MEX,MEX
192,p193,nrn27,MEX,MEX,MEX,DIF_HID_MEX_MOR_OAX_PUE_TAM_TLA_VER,mexico,DIF_HID_MEX_MOR_OAX_PUE_TAM_TLA_VER,MEX,other,MEX,MEX,MEX,MEX
193,p194,nrn27,MEX,MEX,MEX,CAM_CHP_TAB,mexico,CAM_CHP_TAB,MEX,other,MEX,MEX,MEX,MEX
194,p195,nrn27,MEX,MEX,MEX,CAM_CHP_TAB,mexico,CAM_CHP_TAB,MEX,other,MEX,MEX,MEX,MEX
195,p196,nrn27,MEX,MEX,MEX,DIF_HID_MEX_MOR_OAX_PUE_TAM_TLA_VER,mexico,DIF_HID_MEX_MOR_OAX_PUE_TAM_TLA_VER,MEX,other,MEX,MEX,MEX,MEX
196,p197,nrn27,MEX,MEX,MEX,CAM_CHP_TAB,mexico,CAM_CHP_TAB,MEX,other,MEX,MEX,MEX,MEX
197,p198,nrn27,MEX,MEX,MEX,YUC,mexico,YUC,MEX,other,MEX,MEX,MEX,MEX
198,p199,nrn27,MEX,MEX,MEX,ROO,mexico,ROO,MEX,other,MEX,MEX,MEX,MEX
199,p200,nrn27,MEX,MEX,MEX,ROO,mexico,ROO,MEX,other,MEX,MEX,MEX,MEX
200,p201,nrn27,MEX,MEX,MEX,BCN,mexico,BCN,MEX,other,MEX,MEX,MEX,MEX
201,p202,nrn27,MEX,MEX,MEX,BCN,mexico,BCN,MEX,other,MEX,MEX,MEX,MEX
202,p203,nrn27,MEX,MEX,MEX,BCN,mexico,BCN,MEX,other,MEX,MEX,MEX,MEX
203,p204,nrn27,MEX,MEX,MEX,BCN,mexico,BCN,MEX,other,MEX,MEX,MEX,MEX
204,p205,nrn27,MEX,MEX,MEX,BCS,mexico,BCS,MEX,other,MEX,MEX,MEX,MEX
